id,summaryId,date,durationInSeconds,startTimeInSeconds,startTimeOffsetInSeconds,activityType,averageHeartRateInBeatsPerMinute,averageRunCadenceInStepsPerMinut,averageSpeedInMetersPerSecond,averagePaceInMinutesPerKilometer,activeKilocalories,deviceName,distanceInMeters,maxHeartRateInBeatsPerMinute,maxPaceInMinutesPerKilometer,maxRunCadenceInStepsPerMinute,maxSpeedInMetersPerSecond,steps,new_id
1,4923764274,513,783,1589341916,28800,WALKING,111,110,0.7,23.809525,32,vivosmart4APAC,548.09,122,10.993843,118,1.516,1086,108_1
1,4929517095,514,920,1589448826,28800,WALKING,116,118,1.104,15.096619,43,vivosmart4APAC,1016.08,125,10.144045,124,1.643,1470,108_1
1,4929565157,514,862,1589449796,28800,WALKING,120,116,1.197,13.923698,38,vivosmart4APAC,1032.81,129,9.410878,132,1.771,1536,108_1
1,4945596766,517,787,1589715646,28800,WALKING,97,106,0.813,20.500206,44,vivosmart4APAC,640.22,105,11.337869,116,1.47,1192,108_1
11,4900132281,508,830,1588755525,28800,WALKING,101,114,0.985,16.920473,41,vivosmart4APAC,818.86,116,9.053051,144,1.841,1232,108_11
11,4900132594,508,800,1588818071,28800,WALKING,109,112,0.795,20.964361,40,vivosmart4APAC,636.92,127,10.957704,120,1.521,1136,108_11
11,4900132862,508,721,1588902560,28800,WALKING,110,112,1.258,13.248543,34,vivosmart4APAC,908.25,116,10.288066,130,1.62,1236,108_11
11,4900133199,508,938,1588924396,28800,WALKING,96,106,0.59,28.248589,40,vivosmart4APAC,553.66,113,8.955759,142,1.861,1268,108_11
11,4912150168,510,1291,1589004336,28800,WALKING,112,106,0.954,17.4703,65,vivosmart4APAC,1232.54,124,11.679514,120,1.427,1824,108_11
11,4912150854,510,1733,1589006833,28800,WALKING,118,102,0.871,19.135094,104,vivosmart4APAC,1510.14,155,8.283631,160,2.012,2320,108_11
11,4912151522,510,1876,1589020741,28800,WALKING,101,112,1.112,14.988009,87,vivosmart4APAC,2086.69,111,9.290226,142,1.794,2980,108_11
11,4912151855,510,658,1589097866,28800,WALKING,104,116,0.996,16.7336,32,vivosmart4APAC,655.74,114,8.837045,148,1.886,920,108_11
11,4912152305,510,801,1589103244,28800,WALKING,98,114,0.997,16.716818,36,vivosmart4APAC,798.99,107,10.615711,124,1.57,1168,108_11
11,4918504846,512,873,1589183705,28800,WALKING,100,120,1.025,16.260162,44,vivosmart4APAC,894.98,115,8.785803,148,1.897,1316,108_11
11,4918505032,512,1250,1589189102,28800,WALKING,94,108,0.996,16.7336,51,vivosmart4APAC,1246.03,104,11.534025,114,1.445,1748,108_11
11,4919656276,512,1323,1589274369,28800,WALKING,94,106,0.882,18.896446,56,vivosmart4APAC,1167.15,118,10.442774,138,1.596,2044,108_11
11,4919656542,512,726,1589277056,28800,WALKING,95,116,0.919,18.135654,34,vivosmart4APAC,667.34,103,10.822511,124,1.54,1100,108_11
11,4934866736,515,989,1589530692,28800,WALKING,99,114,0.981,16.989466,49,vivosmart4APAC,970.94,111,10.602205,124,1.572,1416,108_11
11,4937965697,516,3757,1589596932,28800,WALKING,142,112,1.269,13.1337,200,vivosmart4APAC,4769.96,171,10.162601,122,1.64,6742,108_11
11,4939628369,516,823,1589616362,28800,WALKING,94,112,0.97,17.18213,36,vivosmart4APAC,798.86,104,10.986597,120,1.517,1158,108_11
11,4946399835,517,897,1589710575,28800,WALKING,96,112,0.958,17.397356,41,vivosmart4APAC,859.81,112,11.314776,132,1.473,1294,108_11
11,4960257628,520,735,1589968317,28800,WALKING,115,118,1.219,13.67241,33,vivosmart4APAC,896.04,123,10.649627,126,1.565,1248,108_11
11,4964319403,521,1028,1590028770,28800,WALKING,104,112,0.908,18.35536,51,vivosmart4APAC,933.85,116,10.690613,122,1.559,1462,108_11
12,4920982612,512,853,1589288945,28800,WALKING,99,116,1.189,14.017381,67,vivosmart4APAC,1015.07,120,4.664614,218,3.573,1190,108_12
12,4920341648,512,3347,1589281772,28800,WALKING,95,106,0.85,19.607841,48,vivosmart4APAC,761.61,101,10.656436,200,1.564,1146,108_12
12,4925504382,513,839,1589376027,28800,WALKING,93,114,1.089,15.304561,43,vivosmart4APAC,887.54,118,5.623032,188,2.964,1254,108_12
12,4927919490,513,896,1589327854,28800,WALKING,83,112,1.045,15.948964,149,vivosmart4APAC,2646.9,111,10.281718,120,1.621,4258,108_12
12,4927920438,513,2532,1589368762,28800,WALKING,92,114,1.127,14.788525,67,vivosmart4APAC,1191.83,116,8.218277,160,2.028,1602,108_12
12,4927920848,513,1057,1589372967,28800,WALKING,98,108,0.861,19.357336,42,vivosmart4APAC,639.11,107,11.037528,116,1.51,996,108_12
12,4929412809,514,1052,1589446451,28800,WALKING,90,108,1.145,14.556041,71,vivosmart4APAC,1204.38,113,8.917424,120,1.869,1492,108_12
12,4930692609,514,766,1589466894,28800,WALKING,83,112,1.54,10.822511,47,vivosmart4APAC,1181.19,92,3.8103948,234,4.374,1644,108_12
12,4930536520,514,815,1589464871,28800,WALKING,95,112,1.027,16.228498,48,vivosmart4APAC,892.31,117,10.871929,120,1.533,1322,108_12
12,4929082943,514,741,1589411129,28800,WALKING,90,118,1.236,13.484359,227,vivosmart4APAC,4296.49,116,8.275406,142,2.014,6020,108_12
12,4930875524,514,3475,1589455085,28800,WALKING,96,112,1.014,16.436554,98,vivosmart4APAC,1638.58,114,10.836585,134,1.538,2730,108_12
12,4935054552,515,1616,1589542135,28800,WALKING,95,112,1.169,14.257199,61,vivosmart4APAC,1178.02,107,10.088781,128,1.652,1820,108_12
12,4935054976,515,1007,1589544021,28800,WALKING,95,118,0.999,16.68335,49,vivosmart4APAC,747.52,113,10.034116,128,1.661,1078,108_12
12,4942880114,516,778,1589616326,28800,WALKING,100,112,1.16,14.367816,59,vivosmart4APAC,903.36,114,7.6277657,128,2.185,1148,108_12
12,4939582199,516,868,1589628156,28800,WALKING,95,108,1.142,14.59428,183,vivosmart4APAC,3823.36,120,9.861933,120,1.69,5372,108_12
12,4937693903,516,747,1589590145,28800,WALKING,100,118,1.118,14.907573,71,vivosmart4APAC,1156.62,119,9.600615,134,1.736,1616,108_12
12,4937860488,516,1034,1589591204,28800,WALKING,104,120,1.35,12.345679,142,vivosmart4APAC,2784.51,117,6.216586,210,2.681,3674,108_12
12,4937860911,516,2061,1589592719,28800,WALKING,107,118,1.306,12.761613,123,vivosmart4APAC,2350.78,114,4.7551117,234,3.505,3094,108_12
12,4938497132,516,1799,1589596996,28800,WALKING,105,110,0.879,18.96094,68,vivosmart4APAC,917.2,116,11.345586,122,1.469,1412,108_12
12,4938497553,516,1042,1589600603,28800,WALKING,108,110,0.912,18.274855,66,vivosmart4APAC,970.1,114,9.944312,122,1.676,1568,108_12
12,4945491904,517,883,1589715658,28800,WALKING,88,102,0.791,21.070375,58,vivosmart4APAC,698.62,109,10.313531,116,1.616,1118,108_12
12,4948400164,517,1208,1589726064,28800,WALKING,84,112,1.233,13.517166,78,vivosmart4APAC,1489.36,110,4.6142488,192,3.612,1848,108_12
12,4964672656,521,666,1590025906,28800,WALKING,89,106,0.638,26.1233,44,vivosmart4APAC,425.43,98,9.595087,138,1.737,814,108_12
12,4965277835,521,936,1590052421,28800,INDOOR_,73,136,1.857,8.975049,54,vivosmart4APAC,1512.19,94,3.337338,238,4.994,1364,108_12
12,4980416258,524,907,1590309935,28800,WALKING,99,106,1.071,15.561781,45,vivosmart4APAC,972.07,113,5.055101,220,3.297,1332,108_12
12,4984601178,524,1149,1590314772,28800,WALKING,100,96,0.81,20.576132,54,vivosmart4APAC,930.97,129,11.284134,190,1.477,1560,108_12
12,4984601493,524,1912,1590318797,28800,WALKING,112,112,1.24,13.440861,107,vivosmart4APAC,2372.56,130,4.9840508,220,3.344,3174,108_12
12,4982483409,524,814,1590330533,28800,WALKING,86,108,0.985,16.920473,41,vivosmart4APAC,826.62,105,11.2917795,120,1.476,1204,108_12
12,4993540296,526,1495,1590448255,28800,WALKING,107,114,1.031,16.165535,79,vivosmart4APAC,1542.03,126,6.592827,128,2.528,2222,108_12
12,4993540913,526,1291,1590449833,28800,WALKING,108,114,1.043,15.979547,72,vivosmart4APAC,1346.42,118,10.88613,122,1.531,1886,108_12
13,4961502282,520,1064,1589971791,28800,WALKING,91,112,1.057,15.767896,64,vivosmart4APAC,963.73,120,8.451656,156,1.972,1388,108_13
13,4967211412,521,911,1590046241,28800,WALKING,101,108,0.978,17.041582,61,vivosmart4APAC,887.74,113,11.030223,122,1.511,1354,108_13
13,4967212209,521,907,1590058455,28800,WALKING,100,112,1.243,13.40842,155,vivosmart4APAC,3180.33,117,10.17501,122,1.638,4312,108_13
13,4976201809,523,2559,1590233242,28800,WALKING,97,108,1.085,15.360983,73,vivosmart4APAC,1387.2,104,10.27538,128,1.622,1970,108_13
13,4977267952,523,1278,1590236842,28800,WALKING,93,114,1.202,13.865779,194,vivosmart4APAC,3695.64,114,8.762706,234,1.902,5466,108_13
14,4919462625,512,740,1589266203,28800,WALKING,117,114,1.057,15.767896,62,vivosmart4APAC,1119.72,127,9.633911,224,1.73,1586,108_14
14,4919462921,512,1058,1589267106,28800,WALKING,114,114,0.88,18.939394,50,vivosmart4APAC,723.99,120,10.602205,122,1.572,1168,108_14
14,4933996475,515,822,1589527325,28800,WALKING,107,112,0.986,16.903313,79,vivosmart4APAC,1297.21,126,10.914647,146,1.527,1878,108_14
14,4981867655,524,3074,1590320018,28800,WALKING,96,114,0.974,17.111568,228,vivosmart4APAC,3551.8,119,8.69414,146,1.917,6240,108_14
14,4991865507,526,3647,1590492140,28800,WALKING,95,114,1.23,13.550136,68,vivosmart4APAC,1218.54,119,9.172628,138,1.817,1712,108_14
14,4999890799,527,990,1590537510,28800,WALKING,103,114,1.23,13.550136,135,vivosmart4APAC,2476.1,118,9.410878,160,1.771,3264,108_14
14,4999891501,527,2012,1590543303,28800,WALKING,104,112,1.225,13.605442,106,vivosmart4APAC,2138.28,100,10.10101,120,1.65,2994,108_14
14,5006911952,529,1745,1590752076,28800,WALKING,92,116,0.99,16.835016,54,vivosmart4APAC,756.41,111,8.320852,158,2.003,1286,108_14
14,5015140901,531,764,1590838217,28800,WALKING,100,116,0.82,20.325203,70,vivosmart4APAC,815.15,122,9.780908,200,1.704,1662,108_14
14,5015141224,531,994,1590839085,28800,WALKING,100,114,1.164,14.318442,83,vivosmart4APAC,1512.57,109,9.891197,164,1.685,2092,108_14
14,5015141657,531,1299,1590841983,28800,WALKING,96,114,1.202,13.865779,149,vivosmart4APAC,2902.57,112,8.37942,156,1.989,4066,108_14
14,5017895357,531,2415,1590924732,28800,WALKING,97,108,1.081,15.417824,73,vivosmart4APAC,1411.72,101,11.431185,116,1.458,1956,108_14
14,5017896261,531,1305,1590927648,28800,WALKING,95,110,0.544,30.637255,44,vivosmart4APAC,454.61,103,10.907504,122,1.528,1088,108_14
14,5023092298,601,835,1591008624,28800,WALKING,91,126,1.009,16.518005,55,vivosmart4APAC,685.36,121,4.8890195,248,3.409,1090,108_14
14,5027577674,602,679,1591081454,28800,WALKING,112,112,0.913,18.254837,69,vivosmart4APAC,969.79,112,5.09684,200,3.27,1774,108_14
14,5027694142,602,1062,1591092781,28800,WALKING,98,110,0.449,37.119522,47,vivosmart4APAC,321.31,115,10.150224,122,1.642,1046,108_14
14,5028586708,602,715,1591095170,28800,WALKING,93,118,0.994,16.76727,51,vivosmart4APAC,668.74,118,10.058338,126,1.657,968,108_14
14,5036301110,603,672,1591158160,28800,WALKING,106,106,0.806,20.678246,59,vivosmart4APAC,806.21,110,11.081561,116,1.504,1472,108_14
14,5036303844,603,1000,1591181538,28800,WALKING,94,110,0.813,20.500206,44,vivosmart4APAC,590.14,108,11.008366,134,1.514,1116,108_14
14,5038265030,604,725,1591267946,28800,WALKING,91,114,0.915,18.214935,48,vivosmart4APAC,677.23,131,10.482181,120,1.59,1048,108_14
15,4838389779,426,844,1587871670,28800,WALKING,89,110,0.693,24.050024,63,vivosmart4APAC,525.38,133,9.567547,118,1.742,948,108_15
15,4844168969,427,757,1587968534,28800,WALKING,110,110,0.757,22.016731,63,vivosmart4APAC,557.19,126,7.9592485,148,2.094,1088,108_15
15,4844203791,427,735,1587969401,28800,WALKING,114,106,0.858,19.42502,170,vivosmart4APAC,2137.48,124,6.2189054,178,2.68,3770,108_15
15,4849161713,428,2491,1588048977,28800,WALKING,107,112,0.95,17.54386,57,vivosmart4APAC,694.9,120,9.394964,124,1.774,1008,108_15
15,4858769908,430,731,1588243212,28800,WALKING,108,110,1.34,12.437811,59,vivosmart4APAC,1192.35,113,9.416196,122,1.77,1590,108_15
15,4867038341,502,889,1588398089,28800,WALKING,104,110,1.124,14.827995,77,vivosmart4APAC,1245.93,118,9.534706,122,1.748,1652,108_15
15,4867081889,502,1108,1588399013,28800,WALKING,108,112,0.901,18.497965,55,vivosmart4APAC,651.96,116,8.198065,156,2.033,912,108_15
15,4872473692,503,723,1588482708,28800,WALKING,109,110,1.291,12.909889,51,vivosmart4APAC,915.34,118,9.023643,148,1.847,1220,108_15
15,4874122139,503,709,1588483861,28800,WALKING,108,108,0.003,5555.555,1142,vivosmart4APAC,95.92,115,8.263098,164,2.017,648,108_15
15,4898252197,507,38331,1588854411,28800,WALKING,75,116,1.105,15.082955,102,vivosmart4APAC,1558.16,120,5.0276523,204,3.315,2130,108_15
15,4899690186,508,1410,1588929744,28800,WALKING,107,112,1.079,15.446401,70,vivosmart4APAC,1044.13,126,9.316192,142,1.789,1342,108_15
15,4899894028,508,967,1588933059,28800,WALKING,108,112,1.07,15.5763235,125,vivosmart4APAC,2057.81,111,4.679019,224,3.562,3006,108_15
15,4904951010,509,1923,1589016727,28800,WALKING,94,112,0.991,16.81803,50,vivosmart4APAC,770.9,106,7.3844337,164,2.257,1110,108_15
15,4934075961,515,1315,1589528365,28800,WALKING,110,118,1.001,16.650015,66,vivosmart4APAC,1121.49,124,10.364842,158,1.608,1708,108_15
15,4934680816,515,1120,1589540881,28800,WALKING,106,110,0.901,18.497965,50,vivosmart4APAC,847.58,120,11.118524,120,1.499,1310,108_15
15,4964454810,521,940,1590039616,28800,WALKING,102,112,1.041,16.010246,48,vivosmart4APAC,932.84,114,10.928962,120,1.525,1392,108_15
15,4974577290,523,895,1590199686,28800,WALKING,97,110,0.691,24.119633,35,vivosmart4APAC,483.77,107,10.979359,120,1.518,844,108_15
15,4974577417,523,699,1590212513,28800,WALKING,96,112,1.003,16.616816,103,vivosmart4APAC,1908.18,110,10.423182,130,1.599,2998,108_15
15,4983122729,524,1903,1590312208,28800,WALKING,98,112,0.808,20.627062,57,vivosmart4APAC,682,113,8.032128,138,2.075,1218,108_15
16,4884633941,505,735,1588678199,28800,WALKING,98,178,2.133,7.813721,31,vivosmart4APAC,940.26,117,3.399973,214,4.902,1118,108_16
16,4893518795,507,440,1588820290,28800,RUNNING,106,112,0.556,29.976019,31,vivosmart4APAC,357.93,103,10.125557,232,1.646,900,108_16
16,4900437008,508,643,1588940612,28800,WALKING,92,112,0.877,19.00418,53,vivosmart4APAC,783.01,125,8.599932,168,1.938,1330,108_16
16,4905548794,509,777,1589024689,28800,WALKING,94,112,1.121,14.867677,89,vivosmart4APAC,1523.19,111,9.233611,132,1.805,2006,108_16
16,4905672936,509,1358,1589025568,28800,WALKING,102,116,1.07,15.5763235,58,vivosmart4APAC,914.42,113,7.579203,152,2.199,1238,108_16
16,4905566182,509,893,1589024779,28800,WALKING,111,166,2.052,8.122157,6,vivosmart4APAC,202.34,95,5.5928407,180,2.98,252,108_16
16,4909107014,510,98,1589080291,28800,RUNNING,91,184,1.396,11.938872,5,vivosmart4APAC,162.95,91,5.5778675,206,2.988,222,108_16
16,4909107071,510,116,1589080487,28800,RUNNING,86,114,0.924,18.037518,86,vivosmart4APAC,1678.76,117,9.018759,130,1.848,2698,108_16
16,4910137218,510,1815,1589100756,28800,WALKING,92,116,1.194,13.958682,34,vivosmart4APAC,767.16,116,4.6554933,238,3.58,1190,108_16
16,4915450350,511,642,1589195731,28800,WALKING,100,116,1.073,15.532775,63,vivosmart4APAC,1313.92,106,8.941345,134,1.864,2060,108_16
16,4915531857,511,1224,1589196717,28800,WALKING,94,114,0.865,19.267822,36,vivosmart4APAC,616.39,121,9.233611,136,1.805,1108,108_16
16,4915612526,511,712,1589198582,28800,WALKING,104,180,2.011,8.287751,10,vivosmart4APAC,500.57,92,4.172926,210,3.994,580,108_16
16,4919636029,512,854,1589276562,28800,WALKING,88,114,1.047,15.918497,50,vivosmart4APAC,756.99,105,8.396305,124,1.985,1040,108_16
16,4918701062,512,248,1589255969,28800,RUNNING,82,112,1.036,16.087515,95,vivosmart4APAC,1883.59,120,9.092563,124,1.833,2902,108_16
16,4919559109,512,1818,1589274093,28800,WALKING,106,114,0.903,18.456995,48,vivosmart4APAC,739.67,124,5.0937243,242,3.272,1226,108_16
16,4924706967,513,723,1589363566,28800,WALKING,83,114,1.099,15.165301,88,vivosmart4APAC,1392.95,122,9.092563,124,1.833,1916,108_16
16,4924917177,513,818,1589367090,28800,WALKING,110,184,2.357,7.0711355,13,vivosmart4APAC,584.83,117,4.7851467,208,3.483,774,108_16
16,4928539649,514,248,1589423447,28800,RUNNING,91,176,2.173,7.6698875,19,vivosmart4APAC,758.19,97,4.2517004,204,3.92,818,108_16
16,4933495498,515,348,1589514375,28800,RUNNING,88,112,0.203,82.10181,259,vivosmart4APAC,2824.66,116,5.3470216,224,3.117,5644,108_16
16,4934956475,515,13946,1589532064,28800,WALKING,85,186,1.889,8.82301,19,vivosmart4APAC,762.31,115,4.4243875,210,3.767,952,108_16
16,4937975632,516,1267,1589599937,28800,WALKING,103,110,0.748,22.28164,71,vivosmart4APAC,759.34,120,4.4267373,220,3.765,1510,108_16
16,4938144446,516,1015,1589607597,28800,WALKING,104,114,0.945,17.636684,100,vivosmart4APAC,1001.71,142,7.4139977,148,2.248,1502,108_16
16,4943301145,517,403,1589685056,28800,RUNNING,89,106,0.89,18.726593,66,vivosmart4APAC,1280.61,114,5.0125313,216,3.325,2112,108_16
16,4959223627,520,1060,1589946178,28800,WALKING,116,114,0.79,21.097046,113,vivosmart4APAC,1149.82,123,8.950949,128,1.862,1948,108_16
16,4960851345,520,1439,1589976554,28800,WALKING,94,110,1.012,16.469038,72,vivosmart4APAC,1629.43,104,4.8832893,238,3.413,2392,108_16
16,4975591184,523,1455,1590226773,28800,WALKING,111,108,0.944,17.655367,88,vivosmart4APAC,1259.76,119,9.269559,156,1.798,2234,108_16
16,4976211027,523,1334,1590234548,28800,WALKING,103,120,1.098,15.179112,101,vivosmart4APAC,1066.74,149,8.490406,144,1.963,1476,108_16
16,4985609193,525,971,1590387898,28800,WALKING,124,118,1.086,15.346839,128,vivosmart4APAC,901.24,190,8.443093,212,1.974,1290,108_16
16,4985609617,525,830,1590391579,28800,WALKING,148,120,1.202,13.865779,40,vivosmart4APAC,883.55,116,9.295408,130,1.793,1250,108_16
16,5001091119,528,1609,1590221676,28800,WALKING,82,106,0.82,20.325203,37,vivosmart4APAC,621.62,102,10.950504,130,1.522,1106,108_16
16,5001091349,528,758,1590235453,28800,WALKING,95,100,0.748,22.28164,32,vivosmart4APAC,569.03,99,11.896264,116,1.401,974,108_16
16,5001596807,528,760,1590659281,28800,WALKING,86,106,0.761,21.901009,47,vivosmart4APAC,805.72,102,10.052272,124,1.658,1380,108_16
16,5002019154,528,15,1590664676,28800,WALKING,88,108,0.881,18.917896,42,vivosmart4APAC,787.68,100,9.3632965,130,1.78,1378,108_16
16,5006657320,529,1059,1590748351,28800,WALKING,90,112,0.967,17.235435,41,vivosmart4APAC,840.7,106,6.1774154,212,2.698,1318,108_16
16,5017477644,531,894,1590924577,28800,WALKING,92,116,1.16,14.367816,73,vivosmart4APAC,1659.03,117,4.1918173,240,3.976,2282,108_16
17,4885754182,505,740,1588643741,28800,WALKING,107,104,0.901,18.497965,50,vivosmart4APAC,733.17,116,10.384215,152,1.605,1030,108_17
17,4923768830,513,2221,1589340660,28800,WALKING,84,166,2.999,5.557408,257,vivosmart4APAC,7346.01,142,3.5378194,228,4.711,6434,108_17
17,4932153965,514,845,1589431470,28800,WALKING,104,104,1.063,15.678897,137,vivosmart4APAC,2095.68,123,8.263098,158,2.017,2848,108_17
17,4932154581,514,813,1589441007,28800,WALKING,96,96,0.431,38.66976,107,vivosmart4APAC,604.6,149,8.02826,158,2.076,1496,108_17
17,4932162963,514,1971,1589446912,28800,WALKING,104,100,0.973,17.129154,91,vivosmart4APAC,1273.54,105,10.871929,150,1.533,1786,108_17
17,4938384664,516,1404,1589592507,28800,WALKING,110,94,0.608,27.412281,66,vivosmart4APAC,550.97,110,11.148272,154,1.495,1124,108_17
17,4964158828,521,1308,1589954622,28800,WALKING,88,106,1.266,13.164824,198,vivosmart4APAC,2823.8,126,8.640056,162,1.929,3594,108_17
17,4964159104,521,905,1589958360,28800,WALKING,91,100,0.908,18.35536,71,vivosmart4APAC,825.74,107,8.922198,140,1.868,1168,108_17
17,4964397695,521,2231,1590036749,28800,WALKING,106,102,1.243,13.40842,71,vivosmart4APAC,1114.61,114,9.496676,108,1.755,1504,108_17
17,4967954690,521,908,1590043866,28800,WALKING,97,104,0.971,17.164434,91,vivosmart4APAC,1046.31,114,9.8270445,128,1.696,1402,108_17
17,4973625485,522,896,1590127802,28800,WALKING,98,108,1.168,14.269406,64,vivosmart4APAC,949.11,109,7.596475,156,2.194,1230,108_17
17,4973625833,522,1077,1590128803,28800,WALKING,99,106,1.244,13.397642,106,vivosmart4APAC,1558.5,116,4.842146,156,3.442,1810,108_17
17,4995743704,527,812,1590562041,28800,WALKING,94,100,0.776,21.477663,78,vivosmart4APAC,673.23,117,10.482181,112,1.59,1020,108_17
17,5009851801,530,1253,1590726342,28800,WALKING,102,104,0.783,21.285654,102,vivosmart4APAC,815.15,124,7.6557956,144,2.177,1306,108_17
17,5017611778,531,869,1590926018,28800,WALKING,92,110,1.234,13.506213,37,vivosmart4APAC,875.64,121,8.776548,148,1.899,1278,108_17
17,5022889809,601,1430,1591012124,28800,WALKING,96,104,0.046,362.31885,945,vivosmart4APAC,2204.28,124,5.388512,212,3.093,4116,108_17
17,5026312950,602,709,1591061369,28800,WALKING,98,106,1.029,16.196955,55,vivosmart4APAC,762.23,123,10.131712,134,1.645,1082,108_17
17,5031484802,603,47458,1591096666,28800,WALKING,69,104,0.972,17.146776,57,vivosmart4APAC,822.16,115,10.004002,126,1.666,1108,108_17
17,5038421741,604,868,1591264322,28800,WALKING,98,104,0.915,18.214935,129,vivosmart4APAC,2033.28,118,6.750371,156,2.469,3048,108_17
17,5038422415,604,1041,1591265948,28800,WALKING,103,110,1.821,9.15248,120,vivosmart4APAC,4513.41,126,3.604383,202,4.624,5316,108_17
2,4924622823,513,2478,1589360171,28800,WALKING,81,112,1.4,11.904762,73,vivosmart4APAC,930.12,118,8.984726,126,1.855,1248,108_2
2,4929406875,514,2449,1589444818,28800,WALKING,119,104,0.669,24.912806,81,vivosmart4APAC,768.55,111,8.3125515,120,2.005,1510,108_2
2,4933525646,515,664,1589515452,28800,WALKING,110,104,0.755,22.075056,78,vivosmart4APAC,929.81,115,10.436235,116,1.597,1612,108_2
2,4943393120,517,1149,1589688267,28800,WALKING,93,104,0.854,19.516003,196,vivosmart4APAC,2127.07,130,2.8067813,234,5.938,3580,108_2
2,4964223996,521,1231,1590030313,28800,WALKING,88,100,0.918,18.15541,41,vivosmart4APAC,734.11,97,8.320852,148,2.003,1278,108_2
2,4969788805,522,2491,1590118559,28800,WALKING,102,104,0.569,29.291153,36,vivosmart4APAC,373.59,97,10.508617,114,1.586,818,108_2
2,4974416248,523,799,1590205645,28800,WALKING,78,114,1.402,11.887779,50,vivosmart4APAC,1081.14,106,6.734007,182,2.475,1434,108_2
2,4974441875,523,656,1590207048,28800,WALKING,79,100,1.141,14.607069,59,vivosmart4APAC,1182.08,105,11.125945,112,1.498,1554,108_2
2,4979101372,524,771,1590278856,28800,WALKING,81,116,0.565,29.498526,135,vivosmart4APAC,1061.47,123,7.5007505,156,2.222,1484,108_2
2,4979446117,524,1035,1590289524,28800,WALKING,87,100,1.255,13.280212,74,vivosmart4APAC,1677.25,98,8.320852,144,2.003,2574,108_2
2,4984869075,525,1877,1590365343,28800,WALKING,94,102,0.775,21.505377,56,vivosmart4APAC,683.46,110,11.008366,114,1.514,1180,108_2
2,4995338835,527,1336,1590552310,28800,WALKING,81,100,0.969,17.199863,94,vivosmart4APAC,1664.41,102,9.067827,134,1.838,2498,108_2
2,5000545706,528,882,1590637141,28800,WALKING,90,106,1.057,15.767896,69,vivosmart4APAC,1282.62,87,9.718173,148,1.715,1988,108_2
2,5006456664,529,1718,1590638569,28800,WALKING,84,106,1.56,10.683762,71,vivosmart4APAC,1924.91,106,4.729474,204,3.524,3148,108_2
2,5006457084,529,1213,1590653129,28800,WALKING,77,98,0.761,21.901009,39,vivosmart4APAC,705.33,80,10.622478,112,1.569,1088,108_2
2,5006457455,529,1233,1590655645,28800,WALKING,81,102,0.904,18.436579,64,vivosmart4APAC,1225.48,86,10.871929,158,1.533,1894,108_2
2,5009940097,530,926,1590803964,28800,WALKING,65,108,0.698,23.877745,68,vivosmart4APAC,537.25,113,7.2780204,164,2.29,1112,108_2
2,5009986161,530,1355,1590805098,28800,WALKING,66,112,0.781,21.340162,116,vivosmart4APAC,1372.38,114,6.4876084,174,2.569,2332,108_2
2,5015445135,531,769,1590894909,28800,WALKING,98,118,1.079,15.446401,58,vivosmart4APAC,967.44,104,7.921419,144,2.104,1278,108_2
2,5015510232,531,1757,1590896920,28800,WALKING,90,114,0.99,16.835016,50,vivosmart4APAC,757.92,97,9.347542,126,1.783,1240,108_2
2,5016715996,531,896,1590917629,28800,WALKING,79,108,0.442,37.70739,44,vivosmart4APAC,339.02,95,10.843636,162,1.537,952,108_2
2,5021096498,601,765,1590980559,28800,WALKING,83,110,1.902,8.762706,171,vivosmart4APAC,3737.1,141,3.5750034,208,4.662,6004,108_2
2,5021148556,601,767,1590983182,28800,WALKING,78,100,1.09,15.29052,46,vivosmart4APAC,904.58,100,11.163206,118,1.493,1376,108_2
2,5022278147,601,1964,1591004422,28800,WALKING,99,100,0.7,23.809525,77,vivosmart4APAC,811.97,107,10.168802,118,1.639,1442,108_2
3,4900777142,508,18,1588917764,28800,WALKING,97,124,0.103,161.8123,838,vivosmart4APAC,2359.71,140,6.7177215,186,2.481,4226,108_3
3,4900548160,508,804,1588919800,28800,WALKING,109,120,0.98,17.006802,108,vivosmart4APAC,1768.7,127,9.248982,140,1.802,2778,108_3
3,4900548819,508,975,1588941796,28800,WALKING,88,128,1.359,12.26392,78,vivosmart4APAC,1518.5,125,6.750371,172,2.469,2118,108_3
3,4917950646,511,22964,1589182926,28800,WALKING,127,122,1.098,15.179112,85,vivosmart4APAC,1121.07,144,8.82301,138,1.889,1752,108_3
3,4923641044,513,694,1589336621,28800,WALKING,110,118,1.071,15.561781,55,vivosmart4APAC,896.16,130,9.122422,138,1.827,1350,108_3
3,4923716849,513,2111,1589338510,28800,WALKING,104,122,1.3,12.820513,49,vivosmart4APAC,1004.9,121,9.891197,132,1.685,1524,108_3
3,4930235926,514,1804,1589459251,28800,WALKING,113,124,1.098,15.179112,59,vivosmart4APAC,841.97,136,9.269559,150,1.798,1190,108_3
3,4940178970,516,1117,1589635032,28800,WALKING,126,120,0.966,17.253277,71,vivosmart4APAC,917.08,139,9.5620575,132,1.743,1416,108_3
3,4943209920,517,1020,1589681125,28800,WALKING,115,124,1.249,13.344009,114,vivosmart4APAC,2141.25,144,7.1777205,166,2.322,3124,108_3
3,4959409386,520,60,1589952938,28800,WALKING,83,110,0.552,30.193237,59,vivosmart4APAC,383.51,149,10.780508,122,1.546,912,108_3
3,5022533354,601,1,1591009436,28800,WALKING,99,104,1.004,16.600267,52,vivosmart4APAC,766.11,106,10.9218,116,1.526,1122,108_3
3,5020828608,601,28,1590932161,28800,WALKING,124,122,0.876,19.025875,137,vivosmart4APAC,1849.46,132,9.326619,138,1.787,3208,108_3
3,5031798421,603,829,1591153213,28800,WALKING,83,136,0.925,18.018017,1,vivosmart4APAC,17.47,102,9.5620575,138,1.743,38,108_3
3,5036938313,604,1159,1591239892,28800,WALKING,88,114,0.581,28.686174,68,vivosmart4APAC,467.24,143,6.118453,176,2.724,1006,108_3
3,5037017090,604,763,1591243532,28800,WALKING,87,118,0.916,18.19505,59,vivosmart4APAC,893.98,126,9.81547,152,1.698,1396,108_3
